{
  "mobility": 730629.4022049976,
  "psqt": -61719.08252469726,
  "frontier": 407160.0927864048,
  "parity": -658715.812197958,
  "corners": 737004.7955348915,
  "corner_closeness": 296230.7061447451
}